{"activityLevel":0,"activityList":[{"activeTime":1680000,"calorie":113.490005,"distance":2177.58,"type":1001},{"activeTime":1696608,"calorie":97.24996,"distance":2021.2297,"type":-1}],"age":25,"gender":"M","height":170.0,"stepCount":5459,"weight":65.0}